name,id,actual_name
manchester-city,281,Manchester City
manchester-united,985,Manchester United
fc-chelsea,631,Chelsea FC
fc-liverpool,31,Liverpool FC
fc-arsenal,11,Arsenal FC
tottenham-hotspur,148,Tottenham Hotspur
aston-villa,405,Aston Villa
fc-everton,29,Everton FC
afc-sunderland,289,Sunderland AFC
west-ham-united,379,West Ham United
newcastle-united,762,Newcastle United
fc-fulham,931,Fulham FC
bolton-wanderers,355,Bolton Wanderers
birmingham-city,337,Birmingham City
stoke-city,512,Stoke City
blackburn-rovers,164,Blackburn Rovers
west-bromwich-albion,984,West Bromwich Albion
wolverhampton-wanderers,543,Wolverhampton Wanderers
wigan-athletic,1071,Wigan Athletic
fc-blackpool,1181,Blackpool FC
queens-park-rangers,1039,Queens Park Rangers
swansea-city,2288,Swansea City
norwich-city,1123,Norwich City
fc-southampton,180,Southampton FC
fc-reading,1032,Reading FC
cardiff-city,603,Cardiff City
crystal-palace,873,Crystal Palace
hull-city,3008,Hull City
leicester-city,1003,Leicester City
fc-burnley,1132,Burnley FC
fc-watford,1010,Watford FC
afc-bournemouth,989,AFC Bournemouth
fc-middlesbrough,641,Middlesbrough FC
brighton-amp-hove-albion,1237,Brighton & Hove Albion
huddersfield-town,1110,Huddersfield Town
sheffield-united,350,Sheffield United
leeds-united,399,Leeds United
fc-brentford,1148,Brentford FC
nottingham-forest,703,Nottingham Forest
luton-town,1031,Luton Town
real-madrid,418,Real Madrid
fc-barcelona,131,FC Barcelona
atletico-madrid,13,Atlético de Madrid
fc-valencia,1049,Valencia CF
fc-sevilla,368,Sevilla FC
fc-villarreal,1050,Villarreal CF
athletic-bilbao,621,Athletic Bilbao
espanyol-barcelona,714,RCD Espanyol Barcelona
ud-almeria,3302,UD Almería
fc-malaga,1084,Málaga CF
real-sociedad-san-sebastian,681,Real Sociedad
fc-getafe,3709,Getafe CF
deportivo-la-coruna,897,Deportivo de La Coruña
racing-santander,630,Racing Santander
ca-osasuna,331,CA Osasuna
real-saragossa,142,Real Zaragoza
rcd-mallorca,237,RCD Mallorca
sporting-gijon,2448,Sporting Gijón
hercules-alicante,7971,Hércules CF
ud-levante,3368,Levante UD
fc-granada,16795,Granada CF
real-betis-sevilla,150,Real Betis Balompié
rayo-vallecano,367,Rayo Vallecano
celta-vigo,940,Celta de Vigo
real-valladolid,366,Real Valladolid CF
fc-elche,1531,Elche CF
fc-cordoba,993,Córdoba CF
sd-eibar,1533,SD Eibar
ud-las-palmas,472,UD Las Palmas
deportivo-alaves,1108,Deportivo Alavés
cd-leganes,1244,CD Leganés
fc-girona,12321,Girona FC
sd-huesca,5358,SD Huesca
fc-cadiz,2687,Cádiz CF
inter-milan,46,Inter Milan
juventus-fc,506,Juventus FC
ac-mailand,5,AC Milan
ac-florenz,430,ACF Fiorentina
as-rom,12,AS Roma
ssc-neapel,6195,SSC Napoli
genua-cfc,252,Genoa CFC
udinese-calcio,410,Udinese Calcio
sampdoria-genua,1038,UC Sampdoria
palermo-fc,458,US Palermo
lazio-rom,398,SS Lazio
parma-calcio-1913,130,Parma FC
cagliari-calcio,1390,Cagliari Calcio
cesena-fc,1429,AC Cesena
fc-bologna,1025,Bologna FC 1909
catania-calcio,1627,Calcio Catania
ssc-bari,332,AS Bari
chievo-verona,862,Chievo Verona
brescia-calcio,19,Brescia Calcio
us-lecce,1005,US Lecce
atalanta-bergamo,800,Atalanta BC
acn-siena-1904,1387,AC Siena
novara-calcio,6692,Novara Calcio 1908
fc-turin,416,Torino FC
delfino-pescara-1936,2921,Delfino Pescara 1936
us-sassuolo,6574,US Sassuolo
as-livorno,1210,AS Livorno
hellas-verona,276,Hellas Verona
fc-empoli,749,FC Empoli
carpi-fc-1909,4102,Carpi FC 1909
frosinone-calcio,8970,Frosinone Calcio
fc-crotone,4083,FC Crotone
spal,2722,SPAL 2013
benevento-calcio,4171,Benevento Calcio
spezia-calcio,3522,Spezia Calcio
venezia-fc,607,Venezia FC
us-salernitana-1919,380,US Salernitana 1919
ac-monza,2919,AC Monza
us-cremonese,2239,US Cremonese
bayer-04-leverkusen,15,Bayer 04 Leverkusen
bayern-munich,27,Bayern Munich
borussia-dortmund,16,Borussia Dortmund
fc-schalke-04,33,FC Schalke 04
sv-werder-bremen,86,SV Werder Bremen
vfl-wolfsburg,82,VfL Wolfsburg
tsg-1899-hoffenheim,533,TSG 1899 Hoffenheim
hamburger-sv,41,Hamburger SV
vfb-stuttgart,79,VfB Stuttgart
1-fc-koln,3,1.FC Köln
borussia-monchengladbach,18,Borussia Mönchengladbach
hannover-96,42,Hannover 96
1-fsv-mainz-05,39,1.FSV Mainz 05
1-fc-nurnberg,4,1.FC Nuremberg
sc-freiburg,60,SC Freiburg
1-fc-kaiserslautern,2,1.FC Kaiserslautern
eintracht-frankfurt,24,Eintracht Frankfurt
fc-st-pauli,35,FC St. Pauli
hertha-bsc,44,Hertha BSC
fc-augsburg,167,FC Augsburg
spvgg-greuther-furth,65,SpVgg Greuther Fürth
fortuna-dusseldorf,38,Fortuna Düsseldorf
eintracht-braunschweig,23,Eintracht Braunschweig
sc-paderborn-07,127,SC Paderborn 07
fc-ingolstadt-04,4795,FC Ingolstadt 04
sv-darmstadt-98,105,SV Darmstadt 98
rasenballsport-leipzig,23826,RB Leipzig
1-fc-union-berlin,89,1.FC Union Berlin
arminia-bielefeld,10,Arminia Bielefeld
vfl-bochum,80,VfL Bochum
1-fc-heidenheim-1846,2036,1.FC Heidenheim 1846
paris-saint-germain,583,Paris Saint-Germain
olympique-lyon,1041,Olympique Lyon
olympique-marseille,244,Olympique Marseille
losc-lille,1082,LOSC Lille
fc-girondins-bordeaux,40,FC Girondins Bordeaux
fc-stade-rennes,273,Stade Rennais FC
fc-toulouse,415,FC Toulouse
as-monaco,162,AS Monaco
as-saint-etienne,618,AS Saint-Étienne
aj-auxerre,290,AJ Auxerre
ogc-nizza,417,OGC Nice
fc-lorient,1158,FC Lorient
fc-sochaux-montbeliard,750,FC Sochaux-Montbéliard
fc-valenciennes,1423,Valenciennes FC
as-nancy-lorraine,1159,AS Nancy-Lorraine
montpellier-hsc,969,Montpellier HSC
rc-lens,826,RC Lens
sm-caen,1162,SM Caen
stade-brest-29,3911,Stade Brestois 29
athletic-club-arlesien,11300,AC Arles-Avignon
dijon-fco,2969,Dijon FCO
thonon-evian-grand-geneve-fc,14171,FC Évian Thonon Gaillard
ac-ajaccio,1147,AC Ajaccio
sc-bastia,595,SC Bastia
stade-reims,1421,Stade Reims
es-troyes-ac,1095,ESTAC Troyes
fc-nantes,995,FC Nantes
ea-guingamp,855,EA Guingamp
fc-metz,347,FC Metz
sco-angers,1420,Angers SCO
gfc-ajaccio,3558,GFC Ajaccio
amiens-sc,1416,Amiens SC
rc-strassburg-alsace,667,RC Strasbourg Alsace
nimes-olympique,1160,Nîmes Olympique
clermont-foot-63,3524,Clermont Foot 63
ac-le-havre,738,Le Havre AC
psv-eindhoven,383,PSV Eindhoven
ajax-amsterdam,610,Ajax Amsterdam
fc-twente-enschede,317,Twente Enschede FC
az-alkmaar,1090,AZ Alkmaar
feyenoord-rotterdam,234,Feyenoord Rotterdam
fc-utrecht,200,FC Utrecht
sc-heerenveen,306,SC Heerenveen
fc-groningen,202,FC Groningen
vitesse-arnheim,499,Vitesse Arnhem
roda-jc-kerkrade,192,Roda JC Kerkrade
nec-nijmegen,467,NEC Nijmegen
nac-breda,132,NAC Breda
ado-den-haag,1268,ADO Den Haag
heracles-almelo,1304,Heracles Almelo
vvv-venlo,1426,VVV-Venlo
de-graafschap-doetinchem,642,De Graafschap Doetinchem
willem-ii-tilburg,403,Willem II Tilburg
sbv-excelsior-rotterdam,798,Excelsior Rotterdam
rkc-waalwijk,235,RKC Waalwijk
pec-zwolle,1269,PEC Zwolle
sc-cambuur-leeuwarden,133,SC Cambuur Leeuwarden
go-ahead-eagles-deventer,1435,Go Ahead Eagles
fc-dordrecht,1455,FC Dordrecht
sparta-rotterdam,468,Sparta Rotterdam
fortuna-sittard,385,Fortuna Sittard
fc-emmen,1283,FC Emmen
fc-volendam,724,FC Volendam
almere-city-fc,723,Almere City FC
sporting-cp,336,Sporting CP
sl-benfica,294,SL Benfica
fc-porto,720,FC Porto
sc-braga,1075,SC Braga
vitoria-guimaraes-sc,2420,Vitória Guimarães SC
cs-maritimo,1301,CS Marítimo
cd-nacional,982,CD Nacional
fc-pacos-de-ferreira,2995,FC Paços de Ferreira
academica-coimbra,2990,Académica Coimbra
rio-ave-fc,2425,Rio Ave FC
sc-olhanense,4750,SC Olhanense
vitoria-setubal-fc,1085,Vitória Setúbal FC
uniao-leiria,2639,União de Leiria
associacao-naval-1893,4814,Naval 1º de Maio
sc-beira-mar,1436,SC Beira-Mar
portimonense-sc,7378,Portimonense SC
cd-feirense,3349,CD Feirense
gil-vicente-fc,2424,Gil Vicente FC
gd-estoril-praia,1465,GD Estoril Praia
moreirense-fc,979,Moreirense FC
cf-os-belenenses,68608,CF Os Belenenses
fc-arouca,8024,FC Arouca
fc-penafiel,3327,FC Penafiel
boavista-porto-fc,2503,Boavista FC
cd-tondela,7179,CD Tondela
cf-uniao-madeira,976,CF União Madeira (-2021)
gd-chaves,3325,GD Chaves
desportivo-aves,3336,Desportivo Aves (- 2020)
cd-santa-clara,2423,CD Santa Clara
belenenses-sad,2457,B SAD
fc-famalicao,3329,FC Famalicão
sc-farense,4294,SC Farense
fc-vizela,6912,FC Vizela
casa-pia-ac,3268,Casa Pia AC
cf-estrela-amadora-sad,2431,CF Estrela Amadora SAD
